slide,file,px_w,px_h,sha256,placed_size
1,slide-01_1263x1246_145f91ee.png,1263,1246,145f91ee77c1a58a1d867c28b55dc70e07718ad94675d89382815a60c4e68c77,3.74 x 6.82 in
3,slide-03_1672x941_2d0fd6bc.png,1672,941,2d0fd6bc252af804a0114c691c9189daddf70169c5dea1dfe23c2de37c489aea,7.54 x 4.24 in
4,slide-01_1263x1246_145f91ee.png,1263,1246,145f91ee77c1a58a1d867c28b55dc70e07718ad94675d89382815a60c4e68c77,2.92 x 4.84 in
4,slide-04_1024x1536_13cacef2.png,1024,1536,13cacef258fd122c59eeda0fb150ffa5566348300be6617354926928219bd7cf,2.36 x 4.84 in
4,slide-04_1024x1536_03a7ba44.png,1024,1536,03a7ba44522bbecccd2ddc2bbf3c07f16e514e0d4de098df02b2996a872cacf6,2.36 x 4.84 in
4,slide-04_1024x1536_b973c211.png,1024,1536,b973c2119891c25e12ed29c6217a9affdc9879800ca91755e61db1cfbd0c5462,2.30 x 4.84 in
4,slide-04_1024x1536_c4008b27.png,1024,1536,c4008b27d503f02ef878ca0bbbd70349642abb0172f05e482a65414fa869298e,2.08 x 4.84 in
5,slide-01_1263x1246_145f91ee.png,1263,1246,145f91ee77c1a58a1d867c28b55dc70e07718ad94675d89382815a60c4e68c77,3.09 x 5.47 in
5,slide-05_1536x1024_1689ccef.png,1536,1024,1689ccef7a5a34938f625de5f3867658a20302e4138e9ae387af2c4ecbbc88f1,3.27 x 2.18 in
5,slide-01_1263x1246_145f91ee.png,1263,1246,145f91ee77c1a58a1d867c28b55dc70e07718ad94675d89382815a60c4e68c77,1.61 x 1.99 in
6,slide-04_1024x1536_13cacef2.png,1024,1536,13cacef258fd122c59eeda0fb150ffa5566348300be6617354926928219bd7cf,2.51 x 5.17 in
6,slide-06_1536x1024_e1d86b98.png,1536,1024,e1d86b98741be73841b4db170667fc49b5190c32e049e11f2290e5308f6e05a9,3.27 x 2.18 in
6,slide-01_1263x1246_145f91ee.png,1263,1246,145f91ee77c1a58a1d867c28b55dc70e07718ad94675d89382815a60c4e68c77,1.61 x 1.99 in
7,slide-04_1024x1536_03a7ba44.png,1024,1536,03a7ba44522bbecccd2ddc2bbf3c07f16e514e0d4de098df02b2996a872cacf6,1.98 x 4.29 in
7,slide-07_1024x1536_c4738363.png,1024,1536,c4738363559c7b77f9b64d49e07d0991c469809db2bc1454a7d077a5ec306590,2.58 x 3.88 in
7,slide-07_1312x1199_b71e03a8.png,1312,1199,b71e03a81acda367850f0f2bbb8860d2f21806c818ff2caec839ab4e0d14ddde,4.24 x 3.88 in
8,slide-04_1024x1536_b973c211.png,1024,1536,b973c2119891c25e12ed29c6217a9affdc9879800ca91755e61db1cfbd0c5462,1.98 x 4.29 in
9,slide-04_1024x1536_c4008b27.png,1024,1536,c4008b27d503f02ef878ca0bbbd70349642abb0172f05e482a65414fa869298e,2.46 x 5.75 in
10,slide-04_1024x1536_c4008b27.png,1024,1536,c4008b27d503f02ef878ca0bbbd70349642abb0172f05e482a65414fa869298e,1.59 x 3.71 in
10,slide-04_1024x1536_03a7ba44.png,1024,1536,03a7ba44522bbecccd2ddc2bbf3c07f16e514e0d4de098df02b2996a872cacf6,1.98 x 4.29 in
13,slide-13_1536x1024_385ca6f2.png,1536,1024,385ca6f245c3571fc0f31623715a1fff44d55742179fe8e5970ae4207413009d,8.56 x 5.71 in
16,slide-16_1536x1024_b38b813d.png,1536,1024,b38b813dee1a39066c0d79c92466c580e153fc1e66c84a6d390e78e83a33a989,8.17 x 5.45 in
17,slide-17_1536x1024_8c851e0f.png,1536,1024,8c851e0f18075efb7fbd7aa462c09201bbbe9e86a41f21b55b38f447484ee1e2,8.12 x 5.42 in
19,slide-19_1536x1024_1b9bb8d7.png,1536,1024,1b9bb8d732757fc1c0ab493e1b33cc9e3eeae0235cb47d39af5c6fd9240321d3,8.11 x 5.41 in
20,slide-20_1536x1024_0f85f9d1.png,1536,1024,0f85f9d1a75828faa445fd6b8e20288122f08f0abdc7242f5602e9eb91ee6b37,8.16 x 5.44 in
